year_number,depletion_limit,continent,country,gcam_basin_id,Basin_long_name,grid_id,grid_area,lake_area,grid_area_dry,permeability,porosity,total_thickness,depth_to_water,orig_aqfr_sat_thickness,aqfr_sat_thickness,hydraulic_conductivity,transmissivity,radius_of_influence,areal_extent,drawdown,drawdown_interference,total_head,well_yield,recharge,shallow_recharge_depth,threshold_depth,net_ponded_depth_target,excessive_recharge_depth,deep_recharge_vol,deep_recharge_vol_imposed,volume_produced_perwell,cumulative_vol_produced_perwell,number_of_wells,volume_produced_allwells,cumulative_vol_produced_allwells,available_volume,depleted_vol_fraction,well_installation_cost, annual_capital_cost,maintenance_cost,nonenergy_cost,power,energy,energy_cost_rate,energy_cost,total_cost_perwell,total_cost_allwells,unit_cost,unit_cost_per_km3,unit_cost_per_acreft,whyclass,total_well_length
1, 0.25, Au, Australia, 189, Australia_East_Coast, 72548, 2481987925.9, 0.0, 2481987925.9, -12.6749999921, 0.260416675359, 275.033333333, 36.9166666667, 238.11666666629998, 200.0, 2.113489078281905e-06, 0.000422697815656381, 483.1497193304754, 733353.4439905321, 80.21264273816915, 0.0, 117.12930940486916, 0.025236274621140427, 0.013394772238444, 0.0026789544476888, 0.22499999999999998, 0.2973210455523112, 0, 26596530.37279882, 26596530.37279882, 218041.41272665327, 218041.41272665327, 3384.436176360336, 737947245.1768004, 737947245.1768004, 153906956080.24225, 0.004794762134026339, 19432.141300686068, 7724948.584052272, 4603678.9401531415, 12328627.524205413, 140057.12000775232, 336137088.0186056, 0.061, 20504362.36913494, 9701.169761354267, 32832989.89334035, 0.044492326664183277, 44492326.664183274, 54.88039509373679, 10, 236.9166666667
2, 0.25, Au, Australia, 189, Australia_East_Coast, 72548, 2481987925.9, 0.0, 2481987925.9, -12.6749999921, 0.260416675359, 275.033333333, 38.01723070456914, 238.11666666629998, 198.89943596213087, 2.113489078281905e-06, 0.00042037178558239477, 483.1497193304754, 733353.4439905321, 80.91433945654607, 0.0, 118.93157016111522, 0.025236274621140427, 0.013394772238444, 0.0026789544476888, 0.22499999999999998, 0.2973210455523112, 0, 26596530.37279882, 26596530.37279882, 218041.41272665327, 436082.82545330655, 3384.436176360336, 737947245.1768004, 1475894490.3536007, 153906956080.24225, 0.009589524268052678, 19432.141300686068, 7724948.584052272, 4603678.9401531415, 12328627.524205413, 142212.16943394078, 341309206.64145786, 0.061, 20819861.60512893, 9794.39038055155, 33148489.12933434, 0.044919862965803865, 44919862.96580386, 55.40775257105975, 10, 236.9166666667
3, 0.25, Au, Australia, 189, Australia_East_Coast, 72548, 2481987925.9, 0.0, 2481987925.9, -12.6749999921, 0.260416675359, 275.033333333, 39.11779474243827, 238.11666666629998, 197.79887192426173, 2.113489078281905e-06, 0.0004180457555084085, 483.1497193304754, 733353.4439905321, 81.63331892836628, 0.0, 120.75111367080456, 0.025236274621140427, 0.013394772238444, 0.0026789544476888, 0.22499999999999998, 0.2973210455523112, 0, 26596530.37279882, 26596530.37279882, 218041.41272665327, 654124.2381799598, 3384.436176360336, 737947245.1768004, 2213841735.530401, 153906956080.24225, 0.014384286402079017, 19432.141300686068, 7724948.584052272, 4603678.9401531415, 12328627.524205413, 144387.88467541814, 346530923.22100353, 0.061, 21138386.316481214, 9888.504937527721, 33467013.840686623, 0.0453514991206024, 45351499.1206024, 55.940167135280646, 10, 236.9166666667
4, 0.25, Au, Australia, 189, Australia_East_Coast, 72548, 2481987925.9, 0.0, 2481987925.9, -12.6749999921, 0.260416675359, 275.033333333, 40.218358780307405, 238.11666666629998, 196.6983078863926, 2.113489078281905e-06, 0.00041571972543442227, 483.1497193304754, 733353.4439905321, 82.37040348284181, 0.0, 122.58876226314922, 0.025236274621140427, 0.013394772238444, 0.0026789544476888, 0.22499999999999998, 0.2973210455523112, 0, 26596530.37279882, 26596530.37279882, 218041.41272665327, 872165.6509066131, 3384.436176360336, 737947245.1768004, 2951788980.7072015, 153906956080.24225, 0.019179048536105355, 19432.141300686068, 7724948.584052272, 4603678.9401531415, 12328627.524205413, 146585.2490305724, 351804597.67337376, 0.061, 21460080.4580758, 9983.555966659711, 33788707.98228121, 0.04578743020334194, 45787430.20334194, 56.47787940721821, 10, 236.9166666667
5, 0.25, Au, Australia, 189, Australia_East_Coast, 72548, 2481987925.9, 0.0, 2481987925.9, -12.6749999921, 0.260416675359, 275.033333333, 41.31892281817654, 238.11666666629998, 195.59774384852346, 2.113489078281905e-06, 0.000413393695360436, 483.1497193304754, 733353.4439905321, 83.12647762882918, 0.0, 124.44540044700571, 0.025236274621140427, 0.013394772238444, 0.0026789544476888, 0.22499999999999998, 0.2973210455523112, 0, 26596530.37279882, 26596530.37279882, 218041.41272665327, 1090207.0636332664, 3384.436176360336, 737947245.1768004, 3689736225.8840017, 153906956080.24225, 0.023973810670131695, 19432.141300686068, 7724948.584052272, 4603678.9401531415, 12328627.524205413, 148805.3201489679, 357132768.35752296, 0.061, 21785098.8698089, 10079.589218521069, 34113726.394014314, 0.04622786603917901, 46227866.039179005, 57.02114820200652, 10, 236.9166666667
6, 0.25, Au, Australia, 189, Australia_East_Coast, 72548, 2481987925.9, 0.0, 2481987925.9, -12.6749999921, 0.260416675359, 275.033333333, 42.41948685604567, 238.11666666629998, 194.49717981065433, 2.113489078281905e-06, 0.0004110676652864498, 483.1497193304754, 733353.4439905321, 83.90249470547582, 0.0, 126.32198156152148, 0.025236274621140427, 0.013394772238444, 0.0026789544476888, 0.22499999999999998, 0.2973210455523112, 0, 26596530.37279882, 26596530.37279882, 218041.41272665327, 1308248.4763599196, 3384.436176360336, 737947245.1768004, 4427683471.060802, 153906956080.24225, 0.028768572804158035, 19432.141300686068, 7724948.584052272, 4603678.9401531415, 12328627.524205413, 151049.23798384154, 362518171.1612197, 0.061, 22113608.440834403, 10176.654003881798, 34442235.96503982, 0.0466730327813447, 46673032.7813447, 57.57025247513306, 10, 236.9166666667
7, 0.25, Au, Australia, 189, Australia_East_Coast, 72548, 2481987925.9, 0.0, 2481987925.9, -12.6749999921, 0.260416675359, 275.033333333, 43.52005089391481, 238.11666666629998, 193.3966157727852, 2.113489078281905e-06, 0.00040874163521246353, 483.1497193304754, 733353.4439905321, 84.6994844697746, 0.0, 128.2195353636894, 0.025236274621140427, 0.013394772238444, 0.0026789544476888, 0.22499999999999998, 0.2973210455523112, 0, 26596530.37279882, 26596530.37279882, 218041.41272665327, 1526289.889086573, 3384.436176360336, 737947245.1768004, 5165630716.237603, 153906956080.24225, 0.03356333493818438, 19432.141300686068, 7724948.584052272, 4603678.9401531415, 12328627.524205413, 153318.23386490453, 367963761.27577084, 0.061, 22445789.43782202, 10274.803586169044, 34774416.96202743, 0.04712317471108119, 47123174.71108119, 58.125493542624426, 10, 236.9166666667
8, 0.25, Au, Australia, 189, Australia_East_Coast, 72548, 2481987925.9, 0.0, 2481987925.9, -12.6749999921, 0.260416675359, 275.033333333, 44.62061493178394, 238.11666666629998, 192.29605173491606, 2.113489078281905e-06, 0.0004064156051384773, 483.1497193304754, 733353.4439905321, 85.51856178706733, 0.0, 130.13917671885127, 0.025236274621140427, 0.013394772238444, 0.0026789544476888, 0.22499999999999998, 0.2973210455523112, 0, 26596530.37279882, 26596530.37279882, 218041.41272665327, 1744331.3018132262, 3384.436176360336, 737947245.1768004, 5903577961.414404, 153906956080.24225, 0.03835809707221072, 19432.141300686068, 7724948.584052272, 4603678.9401531415, 12328627.524205413, 155613.64088999343, 373472738.13598424, 0.061, 22781837.02629504, 10374.095630977055, 35110464.55050045, 0.04757855629922237, 47578556.29922237, 58.68719762396481, 10, 236.9166666667
9, 0.25, Au, Australia, 189, Australia_East_Coast, 72548, 2481987925.9, 0.0, 2481987925.9, -12.6749999921, 0.260416675359, 275.033333333, 45.721178969653074, 238.11666666629998, 191.19548769704693, 2.113489078281905e-06, 0.00040408957506449103, 483.1497193304754, 733353.4439905321, 86.36093662641683, 0.0, 132.0821155960699, 0.025236274621140427, 0.013394772238444, 0.0026789544476888, 0.22499999999999998, 0.2973210455523112, 0, 26596530.37279882, 26596530.37279882, 218041.41272665327, 1962372.7145398795, 3384.436176360336, 737947245.1768004, 6641525206.591205, 153906956080.24225, 0.043152859206237064, 19432.141300686068, 7724948.584052272, 4603678.9401531415, 12328627.524205413, 157936.9058770149, 379048574.1048358, 0.061, 23121963.020394985, 10474.592723070462, 35450590.5446004, 0.04803946457731813, 48039464.577318124, 59.25571876683036, 10, 236.9166666667
10, 0.25, Au, Australia, 189, Australia_East_Coast, 72548, 2481987925.9, 0.0, 2481987925.9, -12.6749999921, 0.260416675359, 275.033333333, 46.82174300752221, 238.11666666629998, 190.0949236591778, 2.113489078281905e-06, 0.0004017635449905048, 483.1497193304754, 733353.4439905321, 87.2279256078971, 0.0, 134.0496686154193, 0.025236274621140427, 0.013394772238444, 0.0026789544476888, 0.22499999999999998, 0.2973210455523112, 0, 26596530.37279882, 26596530.37279882, 218041.41272665327, 2180414.1272665327, 3384.436176360336, 737947245.1768004, 7379472451.768005, 153906956080.24225, 0.047947621340263404, 19432.141300686068, 7724948.584052272, 4603678.9401531415, 12328627.524205413, 160289.603171593, 384695047.61182314, 0.061, 23466397.904321212, 10576.36296365944, 35795025.428526625, 0.048506211876908234, 48506211.876908235, 59.83144222592877, 10, 236.9166666667
11, 0.25, Au, Australia, 189, Australia_East_Coast, 72548, 2481987925.9, 0.0, 2481987925.9, -12.6749999921, 0.260416675359, 275.033333333, 47.92230704539134, 238.11666666629998, 188.99435962130866, 2.113489078281905e-06, 0.00039943751491651854, 483.1497193304754, 733353.4439905321, 88.12096540602062, 0.0, 136.04327245141195, 0.025236274621140427, 0.013394772238444, 0.0026789544476888, 0.22499999999999998, 0.2973210455523112, 0, 26596530.37279882, 26596530.37279882, 218041.41272665327, 2398455.539993186, 3384.436176360336, 737947245.1768004, 8117419696.944806, 153906956080.24225, 0.05274238347428974, 19432.141300686068, 7724948.584052272, 4603678.9401531415, 12328627.524205413, 162673.45067418853, 390416281.6180525, 0.061, 23815393.1787012, 10679.480663682165, 36144020.70290661, 0.04897913900911315, 48979139.009113155, 60.41478838496089, 10, 236.9166666667
12, 0.25, Au, Australia, 189, Australia_East_Coast, 72548, 2481987925.9, 0.0, 2481987925.9, -12.6749999921, 0.260416675359, 275.033333333, 49.022871083260476, 238.11666666629998, 187.89379558343953, 2.113489078281905e-06, 0.0003971114848425323, 483.1497193304754, 733353.4439905321, 89.04162838650898, 0.0, 138.06449946976946, 0.025236274621140427, 0.013394772238444, 0.0026789544476888, 0.22499999999999998, 0.2973210455523112, 0, 26596530.37279882, 26596530.37279882, 218041.41272665327, 2616496.9527198393, 3384.436176360336, 737947245.1768004, 8855366942.121607, 153906956080.24225, 0.05753714560831608, 19432.141300686068, 7724948.584052272, 4603678.9401531415, 12328627.524205413, 165090.32853773408, 396216788.4905618, 0.061, 24169224.09792427, 10784.027152605346, 36497851.62212968, 0.04945861897402351, 49458618.97402351, 61.00621733207852, 10, 236.9166666667
13, 0.25, Au, Australia, 189, Australia_East_Coast, 72548, 2481987925.9, 0.0, 2481987925.9, -12.6749999921, 0.260416675359, 275.033333333, 50.12343512112961, 238.11666666629998, 186.7932315455704, 2.113489078281905e-06, 0.00039478545476854605, 483.1497193304754, 733353.4439905321, 89.99164094756624, 0.0, 140.11507606869586, 0.025236274621140427, 0.013394772238444, 0.0026789544476888, 0.22499999999999998, 0.2973210455523112, 0, 26596530.37279882, 26596530.37279882, 218041.41272665327, 2834538.3654464926, 3384.436176360336, 737947245.1768004, 9593314187.298407, 153906956080.24225, 0.06233190774234242, 19432.141300686068, 7724948.584052272, 4603678.9401531415, 12328627.524205413, 167542.30109917212, 402101522.6380131, 0.061, 24528192.8809188, 10890.091727113168, 36856820.40512422, 0.04994506131165773, 49945061.311657734, 61.606234226703585, 10, 236.9166666667
14, 0.25, Au, Australia, 189, Australia_East_Coast, 72548, 2481987925.9, 0.0, 2481987925.9, -12.6749999921, 0.260416675359, 275.033333333, 51.223999158998744, 238.11666666629998, 185.69266750770126, 2.113489078281905e-06, 0.0003924594246945598, 483.1497193304754, 733353.4439905321, 90.97290515882528, 0.0, 142.19690431782402, 0.025236274621140427, 0.013394772238444, 0.0026789544476888, 0.22499999999999998, 0.2973210455523112, 0, 26596530.37279882, 26596530.37279882, 218041.41272665327, 3052579.778173146, 3384.436176360336, 737947245.1768004, 10331261432.475206, 153906956080.24225, 0.06712666987636876, 19432.141300686068, 7724948.584052272, 4603678.9401531415, 12328627.524205413, 170031.64275417855, 408075942.6100285, 0.061, 24892632.49921174, 10997.77277036595, 37221260.02341715, 0.050438917235200914, 50438917.23520091, 62.215395631275626, 10, 236.9166666667
15, 0.25, Au, Australia, 189, Australia_East_Coast, 72548, 2481987925.9, 0.0, 2481987925.9, -12.6749999921, 0.260416675359, 275.033333333, 52.32456319686788, 238.11666666629998, 184.59210346983213, 2.113489078281905e-06, 0.00039013339462057355, 483.1497193304754, 733353.4439905321, 91.98752445109447, 0.0, 144.31208764796236, 0.025236274621140427, 0.013394772238444, 0.0026789544476888, 0.22499999999999998, 0.2973210455523112, 0, 26596530.37279882, 26596530.37279882, 218041.41272665327, 3270621.190899799, 3384.436176360336, 737947245.1768004, 11069208677.652006, 153906956080.24225, 0.0719214320103951, 19432.141300686068, 7724948.584052272, 4603678.9401531415, 12328627.524205413, 172560.86867562213, 414146084.8214931, 0.061, 25262911.17411108, 11107.17908078352, 37591538.69831649, 0.05094068572518373, 50940685.72518373, 62.83431702829963, 10, 236.9166666667
16, 0.25, Au, Australia, 189, Australia_East_Coast, 72548, 2481987925.9, 0.0, 2481987925.9, -12.6749999921, 0.260416675359, 275.033333333, 53.42512723473701, 238.11666666629998, 221.60820609826297, 2.113489078281905e-06, 0.00046836652324632426, 483.1497193304754, 733353.4439905321, 69.0820131127849, 0.0, 122.50714034752193, 0.025236274621140427, 0.013394772238444, 0.0026789544476888, 0.22499999999999998, 0.2973210455523112, 0, 26596530.37279882, 26596530.37279882, 218041.41272665327, 3488662.6036264524, 3384.436176360336, 737947245.1768004, 11807155922.828806, 153906956080.24225, 0.07671619414442142, 22558.508318219323, 8967787.6562686, 5344348.214583494, 14312135.870852094, 146487.6498003681, 351570359.52088344, 0.061, 21445791.930773888, 10565.401720791348, 35757927.80162598, 0.04845594049620573, 48455940.49620573, 59.769433483259846, 10, 275.033333333
17, 0.25, Au, Australia, 189, Australia_East_Coast, 72548, 2481987925.9, 0.0, 2481987925.9, -12.6749999921, 0.260416675359, 275.033333333, 54.525691272606146, 238.11666666629998, 220.50764206039383, 2.113489078281905e-06, 0.000466040493172338, 483.1497193304754, 733353.4439905321, 69.55359569291595, 0.0, 124.0792869655221, 0.025236274621140427, 0.013394772238444, 0.0026789544476888, 0.22499999999999998, 0.2973210455523112, 0, 26596530.37279882, 26596530.37279882, 218041.41272665327, 3706704.0163531057, 3384.436176360336, 737947245.1768004, 12545103168.005606, 153906956080.24225, 0.08151095627844776, 22558.508318219323, 8967787.6562686, 5344348.214583494, 14312135.870852094, 148367.54074026877, 356082097.77664506, 0.061, 21721007.964375347, 10646.719854524757, 36033143.835227445, 0.0488288886105869, 48828888.610586904, 60.229457523386735, 10, 275.033333333
18, 0.25, Au, Australia, 189, Australia_East_Coast, 72548, 2481987925.9, 0.0, 2481987925.9, -12.6749999921, 0.260416675359, 275.033333333, 55.62625531047528, 238.11666666629998, 219.4070780225247, 2.113489078281905e-06, 0.00046371446309835177, 483.1497193304754, 733353.4439905321, 70.033457507957, 0.0, 125.65971281843227, 0.025236274621140427, 0.013394772238444, 0.0026789544476888, 0.22499999999999998, 0.2973210455523112, 0, 26596530.37279882, 26596530.37279882, 218041.41272665327, 3924745.429079759, 3384.436176360336, 737947245.1768004, 13283050413.182405, 153906956080.24225, 0.0863057184124741, 22558.508318219323, 8967787.6562686, 5344348.214583494, 14312135.870852094, 150257.3315575208, 360617595.7380499, 0.061, 21997673.340021044, 10728.466225627322, 36309809.21087314, 0.0492038007434717, 49203800.7434717, 60.69190414105747, 10, 275.033333333
19, 0.25, Au, Australia, 189, Australia_East_Coast, 72548, 2481987925.9, 0.0, 2481987925.9, -12.6749999921, 0.260416675359, 275.033333333, 56.726819348344414, 238.11666666629998, 218.30651398465557, 2.113489078281905e-06, 0.0004613884330243655, 483.1497193304754, 733353.4439905321, 70.52186256403819, 0.0, 127.24868191238261, 0.025236274621140427, 0.013394772238444, 0.0026789544476888, 0.22499999999999998, 0.2973210455523112, 0, 26596530.37279882, 26596530.37279882, 218041.41272665327, 4142786.841806412, 3384.436176360336, 737947245.1768004, 14020997658.359205, 153906956080.24225, 0.09110048054650043, 22558.508318219323, 8967787.6562686, 5344348.214583494, 14312135.870852094, 152157.337936887, 365177611.0485288, 0.061, 22275834.273960255, 10810.654489622993, 36587970.144812346, 0.04958073952298101, 49580739.52298101, 61.15685058680662, 10, 275.033333333
20, 0.25, Au, Australia, 189, Australia_East_Coast, 72548, 2481987925.9, 0.0, 2481987925.9, -12.6749999921, 0.260416675359, 275.033333333, 57.82738338621355, 238.11666666629998, 217.20594994678643, 2.113489078281905e-06, 0.00045906240295037927, 483.1497193304754, 733353.4439905321, 71.01908778842562, 0.0, 128.84647117463916, 0.025236274621140427, 0.013394772238444, 0.0026789544476888, 0.22499999999999998, 0.2973210455523112, 0, 26596530.37279882, 26596530.37279882, 218041.41272665327, 4360828.2545330655, 3384.436176360336, 737947245.1768004, 14758944903.536005, 153906956080.24225, 0.09589524268052677, 22558.508318219323, 10210626.728484929, 5344348.214583494, 15554974.943068422, 154067.8910135507, 369762938.43252164, 0.061, 22555539.24438382, 11260.520867152754, 38110514.18745224, 0.0516439548172872, 51643954.8172872, 63.70178538802742, 10, 275.033333333
21, 0.25, Au, Australia, 189, Australia_East_Coast, 72548, 2481987925.9, 0.0, 2481987925.9, -12.6749999921, 0.260416675359, 275.033333333, 58.92794742408268, 238.11666666629998, 216.1053859089173, 2.113489078281905e-06, 0.000456736372876393, 483.1497193304754, 733353.4439905321, 71.52542390545854, 0.0, 130.45337132954123, 0.025236274621140427, 0.013394772238444, 0.0026789544476888, 0.22499999999999998, 0.2973210455523112, 0, 26596530.37279882, 26596530.37279882, 218041.41272665327, 4578869.667259719, 3384.436176360336, 737947245.1768004, 15496892148.712805, 153906956080.24225, 0.1006900048145531, 22558.508318219323, 10210626.728484929, 5344348.214583494, 15554974.943068422, 155989.33842051573, 374374412.20923775, 0.061, 22836839.144763503, 11343.636602158931, 38391814.08783193, 0.05202514724292231, 52025147.242922306, 64.17197862119981, 10, 275.033333333
22, 0.25, Au, Australia, 189, Australia_East_Coast, 72548, 2481987925.9, 0.0, 2481987925.9, -12.6749999921, 0.260416675359, 275.033333333, 60.028511461951815, 238.11666666629998, 215.00482187104816, 2.113489078281905e-06, 0.0004544103428024068, 483.1497193304754, 733353.4439905321, 72.04117638947618, 0.0, 132.069687851428, 0.025236274621140427, 0.013394772238444, 0.0026789544476888, 0.22499999999999998, 0.2973210455523112, 0, 26596530.37279882, 26596530.37279882, 218041.41272665327, 4796911.079986373, 3384.436176360336, 737947245.1768004, 16234839393.889605, 153906956080.24225, 0.10548476694857943, 22558.508318219323, 10210626.728484929, 5344348.214583494, 15554974.943068422, 157922.0454280668, 379012909.0273603, 0.061, 23119787.45066898, 11427.239391858977, 38674762.393737406, 0.05240857344005878, 52408573.44005878, 64.6449271668437, 10, 275.033333333
23, 0.25, Au, Australia, 189, Australia_East_Coast, 72548, 2481987925.9, 0.0, 2481987925.9, -12.6749999921, 0.260416675359, 275.033333333, 61.12907549982095, 238.11666666629998, 213.90425783317903, 2.113489078281905e-06, 0.00045208431272842053, 483.1497193304754, 733353.4439905321, 72.56666650312808, 0.0, 133.69574200294903, 0.025236274621140427, 0.013394772238444, 0.0026789544476888, 0.22499999999999998, 0.2973210455523112, 0, 26596530.37279882, 26596530.37279882, 218041.41272665327, 5014952.492713027, 3384.436176360336, 737947245.1768004, 16972786639.066404, 153906956080.24225, 0.11027952908260577, 22558.508318219323, 10210626.728484929, 5344348.214583494, 15554974.943068422, 159866.39618532665, 383679350.84478396, 0.061, 23404440.401531823, 11511.34585332842, 38959415.344600245, 0.05279430961933626, 52794309.61933626, 65.12072502925889, 10, 275.033333333
24, 0.25, Au, Australia, 189, Australia_East_Coast, 72548, 2481987925.9, 0.0, 2481987925.9, -12.6749999921, 0.260416675359, 275.033333333, 62.22963953769008, 238.11666666629998, 212.8036937953099, 2.113489078281905e-06, 0.0004497582826544343, 483.1497193304754, 733353.4439905321, 73.10223243056248, 0.0, 135.33187196825256, 0.025236274621140427, 0.013394772238444, 0.0026789544476888, 0.22499999999999998, 0.2973210455523112, 0, 26596530.37279882, 26596530.37279882, 218041.41272665327, 5232993.90543968, 3384.436176360336, 737947245.1768004, 17710733884.243206, 153906956080.24225, 0.11507429121663212, 22558.508318219323, 10210626.728484929, 5344348.214583494, 15554974.943068422, 161822.7950752639, 388374708.1806333, 0.061, 23690857.19901863, 11595.97347889494, 39245832.14208706, 0.05318243600554994, 53182436.005549945, 65.59947116412575, 10, 275.033333333
25, 0.25, Au, Australia, 189, Australia_East_Coast, 72548, 2481987925.9, 0.0, 2481987925.9, -12.6749999921, 0.260416675359, 275.033333333, 63.33020357555922, 238.11666666629998, 211.70312975744076, 2.113489078281905e-06, 0.00044743225258044803, 483.1497193304754, 733353.4439905321, 73.64823051625794, 0.0, 136.97843409181715, 0.025236274621140427, 0.013394772238444, 0.0026789544476888, 0.22499999999999998, 0.2973210455523112, 0, 26596530.37279882, 26596530.37279882, 218041.41272665327, 5451035.318166334, 3384.436176360336, 737947245.1768004, 18448681129.420006, 153906956080.24225, 0.11986905335065845, 22558.508318219323, 10210626.728484929, 5344348.214583494, 15554974.943068422, 163791.66819602286, 393100003.67045486, 0.061, 23979100.223897748, 11681.14070021601, 39534075.16696617, 0.053573037131528875, 53573037.13152888, 66.08126984099823, 10, 275.033333333
26, 0.25, Au, Australia, 189, Australia_East_Coast, 72548, 2481987925.9, 0.0, 2481987925.9, -12.6749999921, 0.260416675359, 275.033333333, 64.43076761342834, 238.11666666629998, 210.60256571957163, 2.113489078281905e-06, 0.0004451062225064618, 483.1497193304754, 733353.4439905321, 74.2050366217327, 0.0, 138.63580423516106, 0.025236274621140427, 0.013394772238444, 0.0026789544476888, 0.22499999999999998, 0.2973210455523112, 0, 26596530.37279882, 26596530.37279882, 218041.41272665327, 5669076.730892988, 3384.436176360336, 737947245.1768004, 19186628374.596806, 153906956080.24225, 0.12466381548468479, 22558.508318219323, 10210626.728484929, 5344348.214583494, 15554974.943068422, 165773.46498320627, 397856315.95969504, 0.061, 24269235.2735414, 11766.8669584537, 39824210.21660982, 0.053966202159977675, 53966202.159977674, 66.56623104028927, 10, 275.033333333
27, 0.25, Au, Australia, 189, Australia_East_Coast, 72548, 2481987925.9, 0.0, 2481987925.9, -12.6749999921, 0.260416675359, 275.033333333, 65.53133165129748, 238.11666666629998, 209.5020016817025, 2.113489078281905e-06, 0.00044278019243247554, 483.1497193304754, 733353.4439905321, 74.7730476140755, 0.0, 140.30437926537297, 0.025236274621140427, 0.013394772238444, 0.0026789544476888, 0.22499999999999998, 0.2973210455523112, 0, 26596530.37279882, 26596530.37279882, 218041.41272665327, 5887118.143619642, 3384.436176360336, 737947245.1768004, 19924575619.773605, 153906956080.24225, 0.12945857761871113, 22558.508318219323, 10210626.728484929, 5344348.214583494, 15554974.943068422, 167768.6599897826, 402644783.9754783, 0.061, 24561331.822504174, 11853.172781267856, 40116306.76557259, 0.054362025236589055, 54362025.23658905, 67.05447088882786, 10, 275.033333333
28, 0.25, Au, Australia, 189, Australia_East_Coast, 72548, 2481987925.9, 0.0, 2481987925.9, -12.6749999921, 0.260416675359, 275.033333333, 66.63189568916661, 238.11666666629998, 208.40143764383336, 2.113489078281905e-06, 0.0004404541623584893, 483.1497193304754, 733353.4439905321, 75.35268300222461, 0.0, 141.98457869139122, 0.025236274621140427, 0.013394772238444, 0.0026789544476888, 0.22499999999999998, 0.2973210455523112, 0, 26596530.37279882, 26596530.37279882, 218041.41272665327, 6105159.556346295, 3384.436176360336, 737947245.1768004, 20662522864.950405, 153906956080.24225, 0.13425333975273746, 22558.508318219323, 10210626.728484929, 5344348.214583494, 15554974.943068422, 169777.75484266333, 407466611.622392, 0.061, 24855463.30896591, 11940.079867451428, 40410438.25203434, 0.054760605878205616, 54760605.87820562, 67.54611213864906, 10, 275.033333333
29, 0.25, Au, Australia, 189, Australia_East_Coast, 72548, 2481987925.9, 0.0, 2481987925.9, -12.6749999921, 0.260416675359, 275.033333333, 67.73245972703575, 238.11666666629998, 207.30087360596423, 2.113489078281905e-06, 0.00043812813228450304, 483.1497193304754, 733353.4439905321, 75.9443867392467, 0.0, 143.67684646628243, 0.025236274621140427, 0.013394772238444, 0.0026789544476888, 0.22499999999999998, 0.2973210455523112, 0, 26596530.37279882, 26596530.37279882, 218041.41272665327, 6323200.969072949, 3384.436176360336, 737947245.1768004, 21400470110.127205, 153906956080.24225, 0.1390481018867638, 22558.508318219323, 10210626.728484929, 5344348.214583494, 15554974.943068422, 171801.28039777378, 412323072.9546571, 0.061, 25151707.45023408, 12027.611180152011, 40706682.3933025, 0.05516204940036036, 55162049.40036036, 68.0412846943565, 10, 275.033333333
30, 0.25, Au, Australia, 189, Australia_East_Coast, 72548, 2481987925.9, 0.0, 2481987925.9, -12.6749999921, 0.260416675359, 275.033333333, 68.83302376490488, 238.11666666629998, 206.2003095680951, 2.113489078281905e-06, 0.0004358021022105168, 483.1497193304754, 733353.4439905321, 76.54862921158366, 0.0, 145.38165297648854, 0.025236274621140427, 0.013394772238444, 0.0026789544476888, 0.22499999999999998, 0.2973210455523112, 0, 26596530.37279882, 26596530.37279882, 218041.41272665327, 6541242.381799603, 3384.436176360336, 737947245.1768004, 22138417355.304005, 153906956080.24225, 0.14384286402079013, 22558.508318219323, 10210626.728484929, 5344348.214583494, 15554974.943068422, 173839.79911869098, 417215517.88485837, 0.061, 25450146.59097636, 12115.791049764217, 41005121.53404479, 0.055566467389170364, 55566467.38917036, 68.54012619519386, 10, 275.033333333
31, 0.25, Au, Australia, 189, Australia_East_Coast, 72548, 2481987925.9, 0.0, 2481987925.9, -12.6749999921, 0.260416675359, 275.033333333, 69.93358780277401, 238.11666666629998, 205.09974553022596, 2.113489078281905e-06, 0.00043347607213653055, 483.1497193304754, 733353.4439905321, 77.16590943943338, 0.0, 147.0994972422074, 0.025236274621140427, 0.013394772238444, 0.0026789544476888, 0.22499999999999998, 0.2973210455523112, 0, 26596530.37279882, 26596530.37279882, 218041.41272665327, 6759283.794526257, 3384.436176360336, 737947245.1768004, 22876364600.480804, 153906956080.24225, 0.14863762615481646, 22558.508318219323, 10210626.728484929, 5344348.214583494, 15554974.943068422, 175893.90770774428, 422145378.4985863, 0.061, 25750868.088413764, 12204.645287742727, 41305843.03148219, 0.05597397822331591, 55973978.22331591, 69.0427826588957, 10, 275.033333333
32, 0.25, Au, Australia, 189, Australia_East_Coast, 72548, 2481987925.9, 0.0, 2481987925.9, -12.6749999921, 0.260416675359, 275.033333333, 71.03415184064315, 238.11666666629998, 203.99918149235683, 2.113489078281905e-06, 0.0004311500420625443, 483.1497193304754, 733353.4439905321, 77.79675751620344, 0.0, 148.83090935684658, 0.025236274621140427, 0.013394772238444, 0.0026789544476888, 0.22499999999999998, 0.2973210455523112, 0, 26596530.37279882, 26596530.37279882, 218041.41272665327, 6977325.20725291, 3384.436176360336, 737947245.1768004, 23614311845.657604, 153906956080.24225, 0.1534323882888428, 22558.508318219323, 10210626.728484929, 5344348.214583494, 15554974.943068422, 177964.24002298634, 427114176.0551672, 0.061, 26053964.739365198, 12294.201312781257, 41608939.68243362, 0.05638470765273307, 56384707.652733065, 69.54940919549318, 10, 275.033333333
33, 0.25, Au, Australia, 189, Australia_East_Coast, 72548, 2481987925.9, 0.0, 2481987925.9, -12.6749999921, 0.260416675359, 275.033333333, 72.13471587851228, 238.11666666629998, 202.8986174544877, 2.113489078281905e-06, 0.00042882401198855805, 483.1497193304754, 733353.4439905321, 78.44173731944348, 0.0, 150.57645319795574, 0.025236274621140427, 0.013394772238444, 0.0026789544476888, 0.22499999999999998, 0.2973210455523112, 0, 26596530.37279882, 26596530.37279882, 218041.41272665327, 7195366.619979564, 3384.436176360336, 737947245.1768004, 24352259090.834404, 153906956080.24225, 0.15822715042286914, 22558.508318219323, 10210626.728484929, 5344348.214583494, 15554974.943068422, 180051.47031978564, 432123528.76748556, 0.061, 26359535.254816618, 12384.488291033578, 41914510.19788504, 0.0567987894417073, 56798789.4417073, 70.06017080055712, 10, 275.033333333
34, 0.25, Au, Australia, 189, Australia_East_Coast, 72548, 2481987925.9, 0.0, 2481987925.9, -12.6749999921, 0.260416675359, 275.033333333, 73.23527991638142, 238.11666666629998, 201.79805341661856, 2.113489078281905e-06, 0.0004264979819145718, 483.1497193304754, 733353.4439905321, 79.10144953097436, 0.0, 152.33672944735576, 0.025236274621140427, 0.013394772238444, 0.0026789544476888, 0.22499999999999998, 0.2973210455523112, 0, 26596530.37279882, 26596530.37279882, 218041.41272665327, 7413408.032706218, 3384.436176360336, 737947245.1768004, 25090206336.011204, 153906956080.24225, 0.16302191255689547, 22558.508318219323, 10210626.728484929, 5344348.214583494, 15554974.943068422, 182156.3168621385, 437175160.4691324, 0.061, 26667684.78861708, 12475.537292327454, 42222659.731685504, 0.05721636608531499, 57216366.08531499, 70.57524323891434, 10, 275.033333333
35, 0.25, Au, Australia, 189, Australia_East_Coast, 72548, 2481987925.9, 0.0, 2481987925.9, -12.6749999921, 0.260416675359, 275.033333333, 74.33584395425055, 238.11666666629998, 200.69748937874942, 2.113489078281905e-06, 0.00042417195184058556, 483.1497193304754, 733353.4439905321, 79.77653501027399, 0.0, 154.11237896452454, 0.025236274621140427, 0.013394772238444, 0.0026789544476888, 0.22499999999999998, 0.2973210455523112, 0, 26596530.37279882, 26596530.37279882, 218041.41272665327, 7631449.445432872, 3384.436176360336, 737947245.1768004, 25828153581.188004, 153906956080.24225, 0.16781667469092182, 22558.508318219323, 10210626.728484929, 5344348.214583494, 15554974.943068422, 184279.54595638838, 442270910.29533213, 0.061, 26978525.52801526, 12567.381464650556, 42533500.471083686, 0.05763758960966558, 57637589.60966558, 71.0948140317303, 10, 275.033333333
36, 0.25, Au, Australia, 189, Australia_East_Coast, 72548, 2481987925.9, 0.0, 2481987925.9, -12.6749999921, 0.260416675359, 275.033333333, 75.43640799211968, 238.11666666629998, 199.5969253408803, 2.113489078281905e-06, 0.0004218459217665993, 483.1497193304754, 733353.4439905321, 80.4676785727821, 0.0, 155.90408656490177, 0.025236274621140427, 0.013394772238444, 0.0026789544476888, 0.22499999999999998, 0.2973210455523112, 0, 26596530.37279882, 26596530.37279882, 218041.41272665327, 7849490.858159525, 3384.436176360336, 737947245.1768004, 26566100826.364803, 153906956080.24225, 0.17261143682494814, 22558.508318219323, 8967787.6562686, 5344348.214583494, 14312135.870852094, 186421.97646912566, 447412743.52590156, 0.061, 27292177.355079994, 12292.834332799821, 41604313.22593209, 0.05637843829332863, 56378438.29332863, 69.541676066055, 10, 275.033333333
37, 0.25, Au, Australia, 189, Australia_East_Coast, 72548, 2481987925.9, 0.0, 2481987925.9, -12.6749999921, 0.260416675359, 275.033333333, 76.53697202998882, 238.11666666629998, 198.49636130301116, 2.113489078281905e-06, 0.00041951989169261306, 483.1497193304754, 733353.4439905321, 81.17561323394224, 0.0, 157.71258526393106, 0.025236274621140427, 0.013394772238444, 0.0026789544476888, 0.22499999999999998, 0.2973210455523112, 0, 26596530.37279882, 26596530.37279882, 218041.41272665327, 8067532.270886179, 3384.436176360336, 737947245.1768004, 27304048071.541603, 153906956080.24225, 0.17740619895897447, 22558.508318219323, 8967787.6562686, 5344348.214583494, 14312135.870852094, 188584.4849019917, 452602763.7647801, 0.061, 27608768.589651585, 12386.377605024283, 41920904.46050368, 0.056807454373598354, 56807454.37359835, 70.0708588207461, 10, 275.033333333
38, 0.25, Au, Australia, 189, Australia_East_Coast, 72548, 2481987925.9, 0.0, 2481987925.9, -12.6749999921, 0.260416675359, 275.033333333, 77.63753606785795, 238.11666666629998, 197.39579726514202, 2.113489078281905e-06, 0.0004171938616186268, 483.1497193304754, 733353.4439905321, 81.90112499088018, 0.0, 159.5386610587381, 0.025236274621140427, 0.013394772238444, 0.0026789544476888, 0.22499999999999998, 0.2973210455523112, 0, 26596530.37279882, 26596530.37279882, 218041.41272665327, 8285573.683612833, 3384.436176360336, 737947245.1768004, 28041995316.718403, 153906956080.24225, 0.18220096109300082, 22558.508318219323, 8967787.6562686, 5344348.214583494, 14312135.870852094, 190768.01110936055, 457843226.66246533, 0.061, 27928436.826410383, 12480.830039669565, 42240572.69726248, 0.057240640131588694, 57240640.13158869, 70.60518478951202, 10, 275.033333333
39, 0.25, Au, Australia, 189, Australia_East_Coast, 72548, 2481987925.9, 0.0, 2481987925.9, -12.6749999921, 0.260416675359, 275.033333333, 78.73810010572709, 238.11666666629998, 196.2952332272729, 2.113489078281905e-06, 0.00041486783154464057, 483.1497193304754, 733353.4439905321, 82.64505822708827, 0.0, 161.38315833281536, 0.025236274621140427, 0.013394772238444, 0.0026789544476888, 0.22499999999999998, 0.2973210455523112, 0, 26596530.37279882, 26596530.37279882, 218041.41272665327, 8503615.096339487, 3384.436176360336, 737947245.1768004, 28779942561.895203, 153906956080.24225, 0.18699572322702715, 22558.508318219323, 8967787.6562686, 5344348.214583494, 14312135.870852094, 192973.56476097857, 463136555.42634857, 0.061, 28251329.88100726, 12576.235311854107, 42563465.75185935, 0.057678195873828116, 57678195.87382811, 71.1449010464495, 10, 275.033333333
40, 0.25, Au, Australia, 189, Australia_East_Coast, 72548, 2481987925.9, 0.0, 2481987925.9, -12.6749999921, 0.260416675359, 275.033333333, 79.83866414359622, 238.11666666629998, 195.19466918940375, 2.113489078281905e-06, 0.0004125418014706543, 483.1497193304754, 733353.4439905321, 83.40832184195732, 0.0, 163.24698598555352, 0.025236274621140427, 0.013394772238444, 0.0026789544476888, 0.22499999999999998, 0.2973210455523112, 0, 26596530.37279882, 26596530.37279882, 218041.41272665327, 8721656.50906614, 3384.436176360336, 737947245.1768004, 29517889807.072002, 153906956080.24225, 0.19179048536105348, 22558.508318219323, 8967787.6562686, 5344348.214583494, 14312135.870852094, 195202.2326713391, 468485358.4112138, 0.061, 28577606.86308404, 12672.640433734012, 42889742.73393613, 0.0581203372114499, 58120337.2114499, 71.69027354357922, 10, 275.033333333
41, 0.25, Au, Australia, 189, Australia_East_Coast, 72548, 2481987925.9, 0.0, 2481987925.9, -12.6749999921, 0.260416675359, 275.033333333, 80.93922818146535, 238.11666666629998, 194.09410515153462, 2.113489078281905e-06, 0.0004102157713966681, 483.1497193304754, 733353.4439905321, 84.1918962272401, 0.0, 165.13112440870543, 0.025236274621140427, 0.013394772238444, 0.0026789544476888, 0.22499999999999998, 0.2973210455523112, 0, 26596530.37279882, 26596530.37279882, 218041.41272665327, 8939697.921792794, 3384.436176360336, 737947245.1768004, 30255837052.248802, 153906956080.24225, 0.19658524749507983, 22558.508318219323, 8967787.6562686, 5344348.214583494, 14312135.870852094, 197455.18714177355, 473892449.1402565, 0.061, 28907439.397555646, 12770.096115355496, 43219575.26840774, 0.058567296715164266, 58567296.71516427, 72.24158915222083, 10, 275.033333333
42, 0.25, Au, Australia, 189, Australia_East_Coast, 72548, 2481987925.9, 0.0, 2481987925.9, -12.6749999921, 0.260416675359, 275.033333333, 82.03979221933449, 238.11666666629998, 192.9935411136655, 2.113489078281905e-06, 0.00040788974132268183, 483.1497193304754, 733353.4439905321, 84.99684123756117, 0.0, 167.03663345689566, 0.025236274621140427, 0.013394772238444, 0.0026789544476888, 0.22499999999999998, 0.2973210455523112, 0, 26596530.37279882, 26596530.37279882, 218041.41272665327, 9157739.334519448, 3384.436176360336, 737947245.1768004, 30993784297.425602, 153906956080.24225, 0.20138000962910615, 22558.508318219323, 8967787.6562686, 5344348.214583494, 14312135.870852094, 199733.69549117167, 479360869.178812, 0.061, 29241013.019907534, 12868.657176923696, 43553148.89075963, 0.0590193258060405, 59019325.8060405, 72.79915799523484, 10, 275.033333333
43, 0.25, Au, Australia, 189, Australia_East_Coast, 72548, 2481987925.9, 0.0, 2481987925.9, -12.6749999921, 0.260416675359, 275.033333333, 83.14035625720362, 238.11666666629998, 191.89297707579635, 2.113489078281905e-06, 0.0004055637112486956, 483.1497193304754, 733353.4439905321, 85.82430533322557, 0.0, 168.9646615904292, 0.025236274621140427, 0.013394772238444, 0.0026789544476888, 0.22499999999999998, 0.2973210455523112, 0, 26596530.37279882, 26596530.37279882, 218041.41272665327, 9375780.747246101, 3384.436176360336, 737947245.1768004, 31731731542.6024, 153906956080.24225, 0.20617477176313248, 22558.508318219323, 8967787.6562686, 5344348.214583494, 14312135.870852094, 202039.1309884752, 484893914.3723405, 0.061, 29578528.77671277, 12968.383021707747, 43890664.647564866, 0.059476696924384294, 59476696.924384296, 73.36331612228955, 10, 275.033333333
44, 0.25, Au, Australia, 189, Australia_East_Coast, 72548, 2481987925.9, 0.0, 2481987925.9, -12.6749999921, 0.260416675359, 275.033333333, 84.24092029507275, 238.11666666629998, 190.79241303792722, 2.113489078281905e-06, 0.00040323768117470933, 483.1497193304754, 733353.4439905321, 86.67553611257202, 0.0, 170.91645640764477, 0.025236274621140427, 0.013394772238444, 0.0026789544476888, 0.22499999999999998, 0.2973210455523112, 0, 26596530.37279882, 26596530.37279882, 218041.41272665327, 9593822.159972755, 3384.436176360336, 737947245.1768004, 32469678787.7792, 153906956080.24225, 0.21096953389715883, 22558.508318219323, 8967787.6562686, 5344348.214583494, 14312135.870852094, 204372.98544671646, 490495165.0721195, 0.061, 29920205.069399286, 13069.338180819052, 44232340.94025138, 0.059939706028245984, 59939706.028245986, 73.93442859172086, 10, 275.033333333
45, 0.25, Au, Australia, 189, Australia_East_Coast, 72548, 2481987925.9, 0.0, 2481987925.9, -12.6749999921, 0.260416675359, 275.033333333, 85.34148433294189, 238.11666666629998, 189.69184900005808, 2.113489078281905e-06, 0.0004009116511007231, 483.1497193304754, 733353.4439905321, 87.55189250028482, 0.0, 172.8933768332267, 0.025236274621140427, 0.013394772238444, 0.0026789544476888, 0.22499999999999998, 0.2973210455523112, 0, 26596530.37279882, 26596530.37279882, 218041.41272665327, 9811863.572699409, 3384.436176360336, 737947245.1768004, 33207626032.956, 153906956080.24225, 0.21576429603118516, 22558.508318219323, 8967787.6562686, 5344348.214583494, 14312135.870852094, 206736.88379716637, 496168521.1131993, 0.061, 30266279.787905157, 13171.59294364281, 44578415.658757254, 0.06040867548475905, 60408675.48475905, 74.5128930369406, 10, 275.033333333
46, 0.25, Au, Australia, 189, Australia_East_Coast, 72548, 2481987925.9, 0.0, 2481987925.9, -12.6749999921, 0.260416675359, 275.033333333, 86.44204837081102, 238.11666666629998, 188.59128496218895, 2.113489078281905e-06, 0.00039858562102673684, 483.1497193304754, 733353.4439905321, 88.45485892054161, 0.0, 174.89690729135265, 0.025236274621140427, 0.013394772238444, 0.0026789544476888, 0.22499999999999998, 0.2973210455523112, 0, 26596530.37279882, 26596530.37279882, 218041.41272665327, 10029904.985426063, 3384.436176360336, 737947245.1768004, 33945573278.1328, 153906956080.24225, 0.22055905816521149, 22558.508318219323, 8967787.6562686, 5344348.214583494, 14312135.870852094, 209132.6010368453, 501918242.4884287, 0.061, 30617012.79179415, 13275.224090933694, 44929148.66264625, 0.06088395743232559, 60883957.43232559, 75.09914381362496, 10, 275.033333333
47, 0.25, Au, Australia, 189, Australia_East_Coast, 72548, 2481987925.9, 0.0, 2481987925.9, -12.6749999921, 0.260416675359, 275.033333333, 87.54261240868016, 238.11666666629998, 187.49072092431982, 2.113489078281905e-06, 0.0003962595909527506, 483.1497193304754, 733353.4439905321, 89.38606186385422, 0.0, 176.92867427253438, 0.025236274621140427, 0.013394772238444, 0.0026789544476888, 0.22499999999999998, 0.2973210455523112, 0, 26596530.37279882, 26596530.37279882, 218041.41272665327, 10247946.398152716, 3384.436176360336, 737947245.1768004, 34683520523.3096, 153906956080.24225, 0.22535382029923784, 22558.508318219323, 8967787.6562686, 5344348.214583494, 14312135.870852094, 211562.0820382873, 507748996.8918895, 0.061, 30972688.810405258, 13380.315751723587, 45284824.68125735, 0.06136593771063924, 61365937.71063924, 75.69365684731929, 10, 275.033333333
48, 0.25, Au, Australia, 189, Australia_East_Coast, 72548, 2481987925.9, 0.0, 2481987925.9, -12.6749999921, 0.260416675359, 275.033333333, 88.64317644654929, 238.11666666629998, 186.39015688645068, 2.113489078281905e-06, 0.00039393356087876434, 483.1497193304754, 733353.4439905321, 90.34728935973989, 0.0, 178.9904658062892, 0.025236274621140427, 0.013394772238444, 0.0026789544476888, 0.22499999999999998, 0.2973210455523112, 0, 26596530.37279882, 26596530.37279882, 218041.41272665327, 10465987.81087937, 3384.436176360336, 737947245.1768004, 35421467768.486404, 153906956080.24225, 0.2301485824332642, 22558.508318219323, 8967787.6562686, 5344348.214583494, 14312135.870852094, 214027.46483394533, 513665915.6014688, 0.061, 31333620.851689596, 13486.960410531274, 45645756.72254169, 0.061855040480035525, 61855040.48003553, 76.29695533131422, 10, 275.033333333
49, 0.25, Au, Australia, 189, Australia_East_Coast, 72548, 2481987925.9, 0.0, 2481987925.9, -12.6749999921, 0.260416675359, 275.033333333, 89.74374048441842, 238.11666666629998, 185.28959284858155, 2.113489078281905e-06, 0.0003916075308047781, 483.1497193304754, 733353.4439905321, 91.34051400193844, 0.0, 181.08425448635688, 0.025236274621140427, 0.013394772238444, 0.0026789544476888, 0.22499999999999998, 0.2973210455523112, 0, 26596530.37279882, 26596530.37279882, 218041.41272665327, 10684029.223606024, 3384.436176360336, 737947245.1768004, 36159415013.66321, 153906956080.24225, 0.23494334456729055, 22558.508318219323, 8967787.6562686, 5344348.214583494, 14312135.870852094, 216531.10814854447, 519674659.55650675, 0.061, 31700154.23294691, 13595.260098324909, 46012290.103799, 0.06235173368358492, 62351733.68358491, 76.90961646402833, 10, 275.033333333
50, 0.25, Au, Australia, 189, Australia_East_Coast, 72548, 2481987925.9, 0.0, 2481987925.9, -12.6749999921, 0.260416675359, 275.033333333, 90.84430452228756, 238.11666666629998, 184.18902881071241, 2.113489078281905e-06, 0.00038928150073079185, 483.1497193304754, 733353.4439905321, 92.36792034997119, 0.0, 183.21222487225873, 0.025236274621140427, 0.013394772238444, 0.0026789544476888, 0.22499999999999998, 0.2973210455523112, 0, 26596530.37279882, 26596530.37279882, 218041.41272665327, 10902070.636332678, 3384.436176360336, 737947245.1768004, 36897362258.84001, 153906956080.24225, 0.2397381067013169, 22558.508318219323, 8967787.6562686, 5344348.214583494, 14312135.870852094, 219075.6241644376, 525781497.99465024, 0.061, 32072671.377673663, 13705.327809847648, 46384807.24852575, 0.06285653554735161, 62856535.54735161, 77.53227946694727, 10, 275.033333333
51, 0.25, Au, Australia, 189, Australia_East_Coast, 72548, 2481987925.9, 0.0, 2481987925.9, -12.6749999921, 0.260416675359, 275.033333333, 91.94486856015669, 238.11666666629998, 183.08846477284328, 2.113489078281905e-06, 0.0003869554706568056, 483.1497193304754, 550015.082992899, 63.05069526100557, 0.0, 154.99556382116225, 0.01892720596585532, 0.013394772238444, 0.0026789544476888, 0.22499999999999998, 0.2973210455523112, 0, 26596530.37279882, 26596530.37279882, 163531.05954498996, 11065601.695877668, 4512.581568480448, 737947245.1768004, 37635309504.016815, 153906956080.24225, 0.24453286883534328, 22558.508318219323, 11542770.517619358, 6878907.861301208, 18421678.378920566, 185335.61235073183, 444805469.64175636, 0.061, 27133133.648147136, 10095.066723061514, 45554812.027067706, 0.061731800375721305, 61731800.375721306, 76.14494112744471, 10, 275.033333333
52, 0.25, Au, Australia, 189, Australia_East_Coast, 72548, 2481987925.9, 0.0, 2481987925.9, -12.6749999921, 0.260416675359, 275.033333333, 93.04543259802583, 238.11666666629998, 181.98790073497415, 2.113489078281905e-06, 0.00038462944058281935, 483.1497193304754, 550015.082992899, 63.59926255532704, 0.0, 156.64469515335287, 0.01892720596585532, 0.013394772238444, 0.0026789544476888, 0.22499999999999998, 0.2973210455523112, 0, 26596530.37279882, 26596530.37279882, 163531.05954498996, 11229132.755422657, 4512.581568480448, 737947245.1768004, 38373256749.19362, 153906956080.24225, 0.24932763096936963, 22558.508318219323, 11542770.517619358, 6878907.861301208, 18421678.378920566, 187307.55759718406, 449538138.23324174, 0.061, 27421826.432227746, 10159.041806879848, 45843504.811148316, 0.062123010975079856, 62123010.97507986, 76.6274915775415, 10, 275.033333333
